{"cameraMode":{"drawMode":0,"name":"Shaded","section":"Shading Mode"},"sceneLighting":true,"audioPlay":false,"sceneViewState":{"showFog":false,"showMaterialUpdate":false,"showSkybox":false,"showFlares":false,"showImageEffects":false,"showParticleSystems":false},"in2DMode":false,"pivot":{"x":19.925968170166017,"y":21.35396957397461,"z":-0.7408232688903809},"rotation":{"x":0.02156691439449787,"y":0.9718087911605835,"z":-0.21323733031749726,"w":0.09828730672597885},"size":22.785690307617189,"orthographic":true}