{"cameraMode":{"drawMode":0,"name":"Shaded","section":"Shading Mode"},"sceneLighting":true,"audioPlay":false,"sceneViewState":{"showFog":false,"showMaterialUpdate":false,"showSkybox":false,"showFlares":false,"showImageEffects":false,"showParticleSystems":false},"in2DMode":false,"pivot":{"x":-0.8837375640869141,"y":9.323175430297852,"z":2.6488282680511476},"rotation":{"x":-0.04496480152010918,"y":0.03598664328455925,"z":-0.0016424146015197039,"w":-0.9983536005020142},"size":17.292688369750978,"orthographic":false}