{"cameraMode":{"drawMode":0,"name":"Shaded","section":"Shading Mode"},"sceneLighting":false,"audioPlay":false,"sceneViewState":{"showFog":false,"showMaterialUpdate":false,"showSkybox":false,"showFlares":false,"showImageEffects":false,"showParticleSystems":false},"in2DMode":false,"pivot":{"x":-0.5974618196487427,"y":1.7269545793533326,"z":1.317399024963379},"rotation":{"x":0.0523570254445076,"y":-0.838749885559082,"z":0.08208287507295609,"w":0.5358275175094605},"size":2.3697407245635988,"orthographic":false}